<?xml version="1.0" encoding="UTF-8" standalone="yes"?>
<colors>
   <color name="List Background">
      <rgb blue="248" green="246" red="241"/>
   </color>
   <color name="Rocket Gray">
      <rgb blue="192" green="189" red="188"/>
   </color>
   <color name="Error Yellow">
      <rgb blue="196" green="255" red="255"/>
   </color>
   <color name="Rocket Blue">
      <rgb blue="146" green="90" red="12"/>
   </color>
   <color name="Rocket Red">
      <rgb blue="17" green="17" red="224"/>
   </color>
   <color name="Big Box Red">
      <rgb blue="41" green="32" red="226"/>
   </color>
   <color name="Big Box Blue">
      <rgb blue="198" green="127" red="0"/>
   </color>
   <color name="Project color 08">
      <rgb blue="0" green="0" red="0"/>
   </color>
   <color name="Project color 09">
      <rgb blue="0" green="0" red="0"/>
   </color>
   <color name="Project color 10">
      <rgb blue="0" green="0" red="0"/>
   </color>
   <color name="Project color 11">
      <rgb blue="0" green="0" red="0"/>
   </color>
   <color name="Project color 12">
      <rgb blue="0" green="0" red="0"/>
   </color>
   <color name="Project color 13">
      <rgb blue="0" green="0" red="0"/>
   </color>
   <color name="Project color 14">
      <rgb blue="0" green="0" red="0"/>
   </color>
   <color name="Project color 15">
      <rgb blue="0" green="0" red="0"/>
   </color>
   <color name="Project color 16">
      <rgb blue="0" green="0" red="0"/>
   </color>
   <color name="Project color 17">
      <rgb blue="0" green="0" red="0"/>
   </color>
   <color name="Project color 18">
      <rgb blue="0" green="0" red="0"/>
   </color>
   <color name="Project color 19">
      <rgb blue="0" green="0" red="0"/>
   </color>
   <color name="Project color 20">
      <rgb blue="0" green="0" red="0"/>
   </color>
   <color name="Project color 21">
      <rgb blue="0" green="0" red="0"/>
   </color>
   <color name="Project color 22">
      <rgb blue="0" green="0" red="0"/>
   </color>
   <color name="Project color 23">
      <rgb blue="0" green="0" red="0"/>
   </color>
   <color name="Project color 24">
      <rgb blue="0" green="0" red="0"/>
   </color>
   <color name="Project color 25">
      <rgb blue="0" green="0" red="0"/>
   </color>
   <color name="Project color 26">
      <rgb blue="0" green="0" red="0"/>
   </color>
   <color name="Project color 27">
      <rgb blue="0" green="0" red="0"/>
   </color>
   <color name="Project color 28">
      <rgb blue="0" green="0" red="0"/>
   </color>
   <color name="Project color 29">
      <rgb blue="0" green="0" red="0"/>
   </color>
   <color name="Project color 30">
      <rgb blue="0" green="0" red="0"/>
   </color>
   <color name="Project color 31">
      <rgb blue="0" green="0" red="0"/>
   </color>
   <color name="Project color 32">
      <rgb blue="0" green="0" red="0"/>
   </color>
   <color name="Project color 33">
      <rgb blue="0" green="0" red="0"/>
   </color>
   <color name="Project color 34">
      <rgb blue="0" green="0" red="0"/>
   </color>
   <color name="Project color 35">
      <rgb blue="0" green="0" red="0"/>
   </color>
   <color name="Project color 36">
      <rgb blue="0" green="0" red="0"/>
   </color>
   <color name="Project color 37">
      <rgb blue="0" green="0" red="0"/>
   </color>
   <color name="Project color 38">
      <rgb blue="0" green="0" red="0"/>
   </color>
   <color name="Project color 39">
      <rgb blue="0" green="0" red="0"/>
   </color>
   <color name="Project color 40">
      <rgb blue="0" green="0" red="0"/>
   </color>
</colors>
